,danceability,energy,loudness,speechiness,acousticness,instrumentalness,liveness,valence,tempo,total_words,unique_words,duration_min,mode,key_0,key_1,key_2,key_4,key_5,key_6,key_7,key_8,key_9,key_10,key_11,time_signature_3,time_signature_4,time_signature_5,class
0,0.384,0.969,-3.903,0.0985,0.00236,0.0,0.277,0.374,0.18781490477201102,0.21809369951534735,0.22110552763819094,0.6263157894736843,1.0,0.0,0.0,0.0,0.0,1.0,0.0,0.0,0.0,0.0,0.0,0.0,0.0,1.0,0.0,0.0
1,0.338,0.919,-5.538,0.316,0.00391,0.000251,0.307,0.464,0.7363485588071152,0.36025848142164785,0.5577889447236181,0.968421052631579,1.0,0.0,0.0,0.0,0.0,0.0,0.0,0.0,0.0,1.0,0.0,0.0,0.0,1.0,0.0,0.0
2,0.374,0.99,-4.092,0.38,0.00673,3.45e-06,0.25,0.336,0.43388277092618366,0.1599353796445881,0.07537688442211055,0.5763157894736842,1.0,0.0,0.0,0.0,0.0,0.0,0.0,0.0,0.0,0.0,0.0,1.0,0.0,1.0,0.0,0.0
3,0.43,0.963,-4.803,0.161,0.00347,0.0,0.298,0.268,0.36007420158621606,0.2956381260096931,0.27638190954773867,0.6763157894736842,1.0,0.0,0.0,0.0,0.0,0.0,0.0,0.0,0.0,1.0,0.0,0.0,0.0,1.0,0.0,0.0
4,0.291,0.971,-4.066,0.301,0.00926,0.0,0.287,0.408,0.549940654451702,0.17447495961227788,0.321608040201005,0.4657894736842104,1.0,1.0,0.0,0.0,0.0,0.0,0.0,0.0,0.0,0.0,0.0,0.0,1.0,0.0,0.0,0.0
5,0.454,0.977,-5.05,0.135,0.00236,7.89e-05,0.418,0.115,0.2716375441161444,0.07592891760904684,0.24623115577889446,0.4236842105263158,1.0,0.0,0.0,0.0,0.0,0.0,0.0,0.0,0.0,1.0,0.0,0.0,0.0,1.0,0.0,0.0
6,0.298,0.98,-3.823,0.227,0.00109,0.0,0.224,0.356,0.4326486979350894,0.024232633279483037,0.15075376884422112,0.3236842105263157,1.0,1.0,0.0,0.0,0.0,0.0,0.0,0.0,0.0,0.0,0.0,0.0,0.0,1.0,0.0,0.0
7,0.321,0.987,-4.426,0.333,0.00763,0.0,0.343,0.266,0.45003576453572913,0.15508885298869146,0.37688442211055273,0.6526315789473683,1.0,0.0,0.0,0.0,0.0,0.0,0.0,0.0,0.0,0.0,0.0,1.0,0.0,1.0,0.0,0.0
8,0.459,0.98,-5.051,0.132,0.00258,7.04e-05,0.236,0.476,0.29794609380526804,0.20355411954765756,0.39698492462311563,0.6157894736842106,1.0,0.0,0.0,0.0,0.0,0.0,0.0,1.0,0.0,0.0,0.0,0.0,0.0,1.0,0.0,0.0
9,0.444,0.963,-3.565,0.108,0.000617,0.0,0.202,0.418,0.9205162669685036,0.2649434571890146,0.44723618090452266,0.6473684210526315,0.0,0.0,1.0,0.0,0.0,0.0,0.0,0.0,0.0,0.0,0.0,0.0,0.0,1.0,0.0,0.0
10,0.543,0.968,-4.028,0.0702,0.0002,0.0,0.539,0.494,0.16520857405616995,0.2536348949919225,0.20100502512562815,0.5763157894736842,1.0,1.0,0.0,0.0,0.0,0.0,0.0,0.0,0.0,0.0,0.0,0.0,0.0,1.0,0.0,0.0
11,0.628,0.886,-3.805,0.0608,0.000706,0.0,0.275,0.72,0.4361386877952538,0.3424878836833603,0.321608040201005,0.5631578947368421,1.0,0.0,0.0,1.0,0.0,0.0,0.0,0.0,0.0,0.0,0.0,0.0,0.0,1.0,0.0,0.0
12,0.48,0.929,-3.931,0.0826,0.00163,0.0,0.341,0.624,0.14212276275143265,0.26009693053311794,0.33668341708542715,0.6736842105263158,1.0,0.0,0.0,0.0,0.0,0.0,0.0,0.0,0.0,0.0,0.0,1.0,0.0,1.0,0.0,0.0
13,0.606,0.899,-4.299,0.0524,0.00264,0.0,0.584,0.379,0.19414247647793992,0.2827140549273021,0.29648241206030146,0.55,1.0,0.0,0.0,0.0,0.0,0.0,0.0,0.0,0.0,1.0,0.0,0.0,0.0,1.0,0.0,0.0
14,0.604,0.966,-3.958,0.0625,0.000152,4.95e-05,0.285,0.597,0.20494258023439538,0.26978998384491115,0.33668341708542715,0.5,0.0,0.0,1.0,0.0,0.0,0.0,0.0,0.0,0.0,0.0,0.0,0.0,0.0,1.0,0.0,0.0
15,0.63,0.946,-4.22,0.106,0.000383,0.0,0.404,0.539,0.2662689335880083,0.4119547657512117,0.507537688442211,0.6,1.0,1.0,0.0,0.0,0.0,0.0,0.0,0.0,0.0,0.0,0.0,0.0,0.0,1.0,0.0,0.0
16,0.498,0.958,-3.454,0.103,4.59e-05,0.0,0.0841,0.753,0.05741976560473516,0.407108239095315,0.35678391959798994,0.6078947368421053,0.0,0.0,0.0,0.0,0.0,0.0,0.0,0.0,1.0,0.0,0.0,0.0,0.0,1.0,0.0,0.0
17,0.464,0.967,-3.501,0.136,0.000142,2.17e-05,0.269,0.669,0.7463862098238496,0.3893376413570275,0.3718592964824121,0.5078947368421053,1.0,0.0,0.0,1.0,0.0,0.0,0.0,0.0,0.0,0.0,0.0,0.0,0.0,1.0,0.0,0.0
18,0.597,0.918,-5.192,0.109,0.000556,1.85e-06,0.346,0.501,0.09808915194818468,0.36025848142164785,0.5577889447236181,0.8973684210526315,1.0,0.0,0.0,0.0,0.0,0.0,0.0,0.0,0.0,1.0,0.0,0.0,0.0,1.0,0.0,0.0
19,0.603,0.941,-4.191,0.0775,0.000213,0.0,0.545,0.689,0.1999276848947894,0.1938610662358643,0.22613065326633167,0.3447368421052631,1.0,0.0,0.0,0.0,0.0,0.0,0.0,0.0,0.0,0.0,0.0,1.0,0.0,1.0,0.0,0.0
20,0.509,0.978,-4.017,0.147,5.69e-05,5.14e-06,0.0872,0.201,0.1800174499493009,0.25525040387722137,0.22613065326633167,0.6,1.0,0.0,0.0,1.0,0.0,0.0,0.0,0.0,0.0,0.0,0.0,0.0,0.0,1.0,0.0,0.0
21,0.444,0.939,-3.824,0.104,0.000645,7.72e-06,0.376,0.575,0.584196005376471,0.24071082390953152,0.29145728643216084,0.55,1.0,0.0,0.0,0.0,0.0,1.0,0.0,0.0,0.0,0.0,0.0,0.0,0.0,1.0,0.0,0.0
22,0.42,0.93,-3.416,0.0571,0.0047,0.0,0.0719,0.709,0.7244087061098403,0.2924071082390953,0.27638190954773867,0.5631578947368421,1.0,1.0,0.0,0.0,0.0,0.0,0.0,0.0,0.0,0.0,0.0,0.0,0.0,1.0,0.0,0.0
23,0.622,0.961,-3.198,0.154,0.00523,0.0,0.0854,0.449,0.27108732048954187,0.39741518578352186,0.507537688442211,0.5131578947368421,0.0,0.0,0.0,0.0,0.0,0.0,0.0,0.0,0.0,0.0,0.0,1.0,0.0,1.0,0.0,0.0
24,0.494,0.842,-4.784,0.0843,0.00579,0.0,0.122,0.574,0.6449171127408211,0.5831987075928918,0.3668341708542714,0.7289473684210525,1.0,0.0,0.0,0.0,0.0,0.0,0.0,1.0,0.0,0.0,0.0,0.0,0.0,1.0,0.0,0.0
25,0.528,0.94,-4.186,0.0588,0.000549,0.0,0.326,0.651,0.16997193859504323,0.5945072697899839,0.27135678391959794,0.6052631578947368,1.0,1.0,0.0,0.0,0.0,0.0,0.0,0.0,0.0,0.0,0.0,0.0,0.0,1.0,0.0,0.0
26,0.46,0.933,-3.766,0.0516,0.000811,0.0,0.158,0.523,0.5832449045362007,0.23101777059773831,0.3919597989949749,0.5605263157894738,1.0,1.0,0.0,0.0,0.0,0.0,0.0,0.0,0.0,0.0,0.0,0.0,0.0,1.0,0.0,0.0
27,0.468,0.981,-3.295,0.0609,0.000702,0.0,0.124,0.683,0.8361591246728135,0.3844911147011309,0.27135678391959794,0.5263157894736842,1.0,0.0,0.0,0.0,0.0,0.0,0.0,0.0,0.0,0.0,0.0,1.0,0.0,1.0,0.0,0.0
28,0.572,0.907,-3.387,0.0497,0.00637,0.0,0.231,0.557,0.4170852296397609,0.544426494345719,0.577889447236181,0.6184210526315789,1.0,0.0,0.0,0.0,0.0,0.0,0.0,0.0,0.0,0.0,0.0,1.0,0.0,1.0,0.0,0.0
29,0.445,0.964,-3.278,0.0803,0.000553,0.0,0.696,0.511,0.6303126056232855,0.3651050080775445,0.4773869346733669,0.6184210526315789,1.0,1.0,0.0,0.0,0.0,0.0,0.0,0.0,0.0,0.0,0.0,0.0,0.0,1.0,0.0,0.0
30,0.392,0.956,-3.271,0.0961,0.00159,0.0,0.847,0.644,0.913127549696984,0.46849757673667214,0.507537688442211,0.65,1.0,0.0,0.0,1.0,0.0,0.0,0.0,0.0,0.0,0.0,0.0,0.0,0.0,1.0,0.0,0.0
31,0.538,0.889,-3.586,0.0596,0.00704,0.0,0.312,0.696,0.417226715715173,0.34894991922455576,0.42713567839195987,0.4657894736842104,1.0,0.0,0.0,0.0,0.0,0.0,0.0,1.0,0.0,0.0,0.0,0.0,0.0,1.0,0.0,0.0
32,0.638,0.834,-4.764,0.0497,0.0036,0.0,0.56,0.485,0.36220435305492016,0.5153473344103393,0.5979899497487438,0.6342105263157894,0.0,0.0,0.0,0.0,1.0,0.0,0.0,0.0,0.0,0.0,0.0,0.0,1.0,0.0,0.0,0.0
33,0.482,0.963,-3.161,0.0743,0.000633,0.0,0.0959,0.423,0.4037776782135025,0.4668820678513732,0.4321608040201005,0.6921052631578948,0.0,0.0,0.0,0.0,0.0,0.0,0.0,0.0,0.0,0.0,0.0,1.0,0.0,1.0,0.0,0.0
34,0.493,0.936,-3.863,0.0934,0.000696,3.5e-06,0.381,0.558,0.5841016813261961,0.24071082390953152,0.29145728643216084,0.55,1.0,0.0,0.0,0.0,0.0,1.0,0.0,0.0,0.0,0.0,0.0,0.0,0.0,1.0,0.0,0.0
35,0.432,0.94,-3.393,0.0599,0.00461,0.0,0.0709,0.71,0.7244715888100235,0.2924071082390953,0.27638190954773867,0.5631578947368421,1.0,1.0,0.0,0.0,0.0,0.0,0.0,0.0,0.0,0.0,0.0,0.0,0.0,1.0,0.0,0.0
36,0.622,0.957,-3.176,0.131,0.00485,0.0,0.0863,0.517,0.27123666690247683,0.39741518578352186,0.507537688442211,0.5131578947368421,0.0,0.0,0.0,0.0,0.0,0.0,0.0,0.0,0.0,0.0,0.0,1.0,0.0,1.0,0.0,0.0
37,0.5,0.825,-4.759,0.0774,0.00852,0.0,0.13,0.598,0.6442411237138523,0.5831987075928918,0.3668341708542714,0.7289473684210525,1.0,0.0,0.0,0.0,0.0,0.0,0.0,1.0,0.0,0.0,0.0,0.0,0.0,1.0,0.0,0.0
38,0.525,0.931,-4.189,0.0543,0.000581,0.0,0.311,0.674,0.1703099331085277,0.5945072697899839,0.27135678391959794,0.6052631578947368,1.0,1.0,0.0,0.0,0.0,0.0,0.0,0.0,0.0,0.0,0.0,0.0,0.0,1.0,0.0,0.0
39,0.455,0.943,-3.784,0.0545,0.000988,0.0,0.125,0.455,0.5825924965218006,0.23101777059773831,0.3919597989949749,0.5605263157894738,1.0,1.0,0.0,0.0,0.0,0.0,0.0,0.0,0.0,0.0,0.0,0.0,0.0,1.0,0.0,0.0
40,0.467,0.982,-3.299,0.0659,0.00068,1.05e-06,0.307,0.688,0.8361748453478592,0.3844911147011309,0.27135678391959794,0.5263157894736842,1.0,0.0,0.0,0.0,1.0,0.0,0.0,0.0,0.0,0.0,0.0,0.0,0.0,1.0,0.0,0.0
41,0.573,0.899,-3.41,0.047,0.0066,0.0,0.217,0.567,0.4168887212016885,0.544426494345719,0.577889447236181,0.6184210526315789,1.0,0.0,0.0,0.0,0.0,0.0,0.0,0.0,0.0,0.0,0.0,1.0,0.0,1.0,0.0,0.0
42,0.441,0.958,-3.316,0.0956,0.000475,0.0,0.666,0.564,0.6301003765101674,0.3651050080775445,0.4773869346733669,0.6184210526315789,1.0,1.0,0.0,0.0,0.0,0.0,0.0,0.0,0.0,0.0,0.0,0.0,0.0,1.0,0.0,0.0
43,0.399,0.957,-3.284,0.123,0.00157,0.0,0.845,0.637,0.9136306112984491,0.46849757673667214,0.507537688442211,0.65,0.0,0.0,0.0,0.0,0.0,0.0,0.0,0.0,0.0,0.0,0.0,1.0,0.0,1.0,0.0,0.0
44,0.53,0.883,-3.603,0.0591,0.0064,0.0,0.321,0.704,0.41754112921608866,0.34894991922455576,0.42713567839195987,0.4657894736842104,1.0,0.0,0.0,0.0,0.0,0.0,0.0,1.0,0.0,0.0,0.0,0.0,0.0,1.0,0.0,0.0
45,0.638,0.82,-4.749,0.0434,0.00373,0.0,0.701,0.431,0.3620078446168479,0.5153473344103393,0.5979899497487438,0.6342105263157894,0.0,0.0,0.0,0.0,1.0,0.0,0.0,0.0,0.0,0.0,0.0,0.0,1.0,0.0,0.0,0.0
46,0.523,0.993,-1.697,0.115,0.00234,0.0,0.294,0.424,0.18628213895504675,0.3780290791599354,0.38190954773869346,0.4710526315789473,0.0,0.0,0.0,0.0,1.0,0.0,0.0,0.0,0.0,0.0,0.0,0.0,0.0,1.0,0.0,0.0
47,0.513,0.985,-3.219,0.135,0.000323,0.0,0.348,0.466,0.10253024264861932,0.3537964458804524,0.4170854271356784,0.6342105263157894,1.0,0.0,0.0,0.0,0.0,0.0,0.0,0.0,0.0,0.0,1.0,0.0,0.0,1.0,0.0,0.0
48,0.678,0.697,-5.032,0.0394,0.0465,0.0,0.07,0.553,0.33098309241398827,0.3893376413570275,0.6231155778894473,0.613157894736842,1.0,1.0,0.0,0.0,0.0,0.0,0.0,0.0,0.0,0.0,0.0,0.0,0.0,1.0,0.0,0.0
49,0.375,0.901,-3.388,0.106,0.00734,1.68e-06,0.315,0.327,0.7776310514773506,0.3521809369951535,0.5527638190954774,0.6447368421052632,1.0,0.0,0.0,1.0,0.0,0.0,0.0,0.0,0.0,0.0,0.0,0.0,0.0,1.0,0.0,0.0
50,0.609,0.917,-2.563,0.0477,0.00614,1.96e-05,0.0775,0.67,0.5500978612021601,0.33925686591276255,0.3266331658291457,0.6605263157894736,1.0,0.0,0.0,0.0,0.0,0.0,0.0,0.0,0.0,1.0,0.0,0.0,0.0,1.0,0.0,0.0
51,0.435,0.887,-4.07,0.0636,0.000747,0.0,0.0327,0.408,0.9430125529590241,0.4361873990306947,0.4974874371859297,0.6526315789473683,1.0,0.0,0.0,0.0,0.0,0.0,0.0,0.0,0.0,1.0,0.0,0.0,0.0,1.0,0.0,0.0
52,0.529,0.8,-3.79,0.0318,0.00301,1.17e-05,0.102,0.498,0.13241524591065945,0.44426494345718903,0.3869346733668342,0.6526315789473683,1.0,0.0,1.0,0.0,0.0,0.0,0.0,0.0,0.0,0.0,0.0,0.0,0.0,1.0,0.0,0.0
53,0.466,0.957,-3.302,0.0637,0.00784,0.0,0.48,0.657,0.8174358006932818,0.4555735056542811,0.5276381909547739,0.7342105263157893,1.0,0.0,0.0,1.0,0.0,0.0,0.0,0.0,0.0,0.0,0.0,0.0,0.0,1.0,0.0,0.0
54,0.35,0.411,-7.403,0.0275,0.835,0.0017,0.118,0.163,0.7838014164328218,0.148626817447496,0.21608040201005022,0.39210526315789473,1.0,0.0,0.0,0.0,0.0,0.0,0.0,0.0,1.0,0.0,0.0,0.0,0.0,1.0,0.0,0.0
55,0.459,0.891,-5.057,0.0623,0.00511,0.0,0.106,0.588,0.588527051351585,0.4652665589660744,0.577889447236181,0.6157894736842106,0.0,0.0,0.0,0.0,0.0,0.0,0.0,0.0,0.0,0.0,1.0,0.0,0.0,1.0,0.0,0.0
56,0.448,0.949,-2.57,0.0854,0.00136,5.59e-06,0.017,0.863,0.6518184890859213,0.35056542810985464,0.3015075376884422,0.4789473684210527,1.0,0.0,1.0,0.0,0.0,0.0,0.0,0.0,0.0,0.0,0.0,0.0,0.0,1.0,0.0,0.0
57,0.503,0.911,-4.935,0.0502,0.0052,3.84e-06,0.0714,0.458,0.48683786481791524,0.20355411954765756,0.22613065326633167,0.6078947368421053,1.0,0.0,0.0,0.0,0.0,1.0,0.0,0.0,0.0,0.0,0.0,0.0,0.0,1.0,0.0,0.0
58,0.466,0.941,-2.82,0.0497,0.00184,7.9e-06,0.34,0.599,0.4779163817294314,0.3247172859450727,0.5829145728643216,0.6184210526315789,0.0,0.0,0.0,1.0,0.0,0.0,0.0,0.0,0.0,0.0,0.0,0.0,0.0,1.0,0.0,0.0
59,0.573,0.949,-3.469,0.0484,0.000251,1.25e-06,0.088,0.69,0.380770470283994,0.29079159935379645,0.40703517587939697,0.65,1.0,0.0,1.0,0.0,0.0,0.0,0.0,0.0,0.0,0.0,0.0,0.0,0.0,1.0,0.0,0.0
60,0.407,0.969,-2.908,0.0856,0.000193,0.000113,0.19,0.647,0.6989962348983265,0.23586429725363495,0.27135678391959794,0.5394736842105263,0.0,0.0,0.0,0.0,0.0,1.0,0.0,0.0,0.0,0.0,0.0,0.0,0.0,1.0,0.0,0.0
61,0.533,0.949,-3.43,0.0388,0.000747,1.92e-06,0.254,0.534,0.21973573545248037,0.4119547657512117,0.7437185929648241,0.6973684210526316,0.0,0.0,0.0,1.0,0.0,0.0,0.0,0.0,0.0,0.0,0.0,0.0,0.0,1.0,0.0,0.0
62,0.583,0.922,-3.843,0.0387,0.0192,3.19e-05,0.614,0.4,0.17312393394172354,0.16801292407108243,0.23618090452261306,0.8052631578947368,1.0,0.0,0.0,0.0,0.0,0.0,0.0,0.0,0.0,0.0,0.0,1.0,0.0,1.0,0.0,0.0
63,0.378,0.961,-3.069,0.0892,0.00152,4.87e-06,0.189,0.727,0.7710991109958261,0.39095315024232635,0.577889447236181,0.5789473684210527,1.0,0.0,0.0,1.0,0.0,0.0,0.0,0.0,0.0,0.0,0.0,0.0,0.0,1.0,0.0,0.0
64,0.42,0.949,-3.902,0.0823,0.0196,0.0,0.284,0.594,0.6601190055100965,0.39095315024232635,0.4824120603015075,0.6157894736842106,1.0,0.0,0.0,0.0,0.0,0.0,0.0,0.0,0.0,0.0,1.0,0.0,0.0,1.0,0.0,0.0
65,0.451,0.909,-3.633,0.0644,0.0111,0.0,0.66,0.363,0.5260923904072441,0.42810985460420037,0.5728643216080402,0.8526315789473683,1.0,0.0,0.0,1.0,0.0,0.0,0.0,0.0,0.0,0.0,0.0,0.0,0.0,1.0,0.0,0.0
66,0.547,0.939,-3.587,0.0532,0.00222,1.89e-05,0.587,0.437,0.424497527923849,0.4588045234248789,0.4974874371859297,0.6631578947368421,0.0,0.0,0.0,0.0,0.0,0.0,1.0,0.0,0.0,0.0,0.0,0.0,0.0,1.0,0.0,0.0
67,0.574,0.965,-4.444,0.0737,0.000573,0.000377,0.51,0.632,0.4407605662587153,0.3247172859450727,0.3919597989949749,0.7394736842105262,0.0,0.0,0.0,0.0,0.0,0.0,1.0,0.0,0.0,0.0,0.0,0.0,0.0,1.0,0.0,0.0
68,0.486,0.928,-3.492,0.0464,0.00931,0.0,0.111,0.593,0.6294243874831984,0.3134087237479806,0.35678391959798994,0.6631578947368421,1.0,0.0,0.0,1.0,0.0,0.0,0.0,0.0,0.0,0.0,0.0,0.0,0.0,1.0,0.0,0.0
69,0.609,0.772,-4.298,0.032,0.0113,2.74e-06,0.358,0.535,0.3151287916303127,0.4798061389337642,0.46733668341708545,0.7526315789473684,0.0,0.0,0.0,1.0,0.0,0.0,0.0,0.0,0.0,0.0,0.0,0.0,0.0,1.0,0.0,0.0
70,0.443,0.755,-4.259,0.0379,0.0053,0.0,0.194,0.774,0.7239135048458982,0.44426494345718903,0.5376884422110553,0.5947368421052631,0.0,0.0,0.0,0.0,0.0,0.0,0.0,0.0,1.0,0.0,0.0,0.0,0.0,1.0,0.0,0.0
71,0.436,0.953,-3.011,0.0818,0.00278,0.000164,0.366,0.346,0.5893759678040575,0.5153473344103393,0.3417085427135679,0.931578947368421,1.0,0.0,0.0,0.0,1.0,0.0,0.0,0.0,0.0,0.0,0.0,0.0,0.0,1.0,0.0,0.0
72,0.481,0.696,-4.194,0.0354,0.0611,1.39e-06,0.221,0.468,0.3775320112245619,0.5460420032310178,0.7185929648241206,0.9999999999999999,1.0,0.0,0.0,0.0,0.0,1.0,0.0,0.0,0.0,0.0,0.0,0.0,0.0,1.0,0.0,0.0
73,0.485,0.941,-3.55,0.0512,0.000847,5.36e-06,0.554,0.794,0.6050809221747984,0.3537964458804524,0.4371859296482412,0.5657894736842105,0.0,0.0,0.0,0.0,0.0,0.0,0.0,0.0,0.0,0.0,0.0,1.0,0.0,1.0,0.0,0.0
74,0.597,0.883,-4.459,0.0602,0.00885,3.98e-06,0.286,0.705,0.4018518955203936,0.605815831987076,0.5125628140703518,0.7052631578947368,1.0,0.0,0.0,0.0,1.0,0.0,0.0,0.0,0.0,0.0,0.0,0.0,0.0,1.0,0.0,0.0
75,0.384,0.844,-6.946,0.0873,0.0187,6.3e-05,0.16,0.413,0.37016687496561107,0.37156704361873993,0.4723618090452262,0.9421052631578947,0.0,0.0,0.0,0.0,0.0,0.0,0.0,0.0,0.0,0.0,1.0,0.0,0.0,1.0,0.0,0.0
76,0.492,0.852,-4.954,0.0878,0.0371,0.0,0.434,0.867,0.9289189677804763,0.5993537964458805,0.8190954773869347,0.8526315789473683,1.0,0.0,0.0,0.0,0.0,0.0,0.0,0.0,1.0,0.0,0.0,0.0,0.0,1.0,0.0,0.0
77,0.598,0.811,-3.816,0.0346,0.00402,2.2e-06,0.303,0.485,0.3145707076661872,0.35056542810985464,0.4824120603015075,0.44999999999999996,0.0,0.0,0.0,0.0,1.0,0.0,0.0,0.0,0.0,0.0,0.0,0.0,0.0,1.0,0.0,0.0
78,0.561,0.944,-3.437,0.0613,0.0357,3.41e-06,0.337,0.84,0.5501843249149119,0.5815831987075929,0.36180904522613067,0.7210526315789474,1.0,1.0,0.0,0.0,0.0,0.0,0.0,0.0,0.0,0.0,0.0,0.0,0.0,1.0,0.0,0.0
79,0.562,0.964,-2.991,0.072,0.000539,1.57e-06,0.579,0.41,0.4566777497425738,0.6526655896607432,0.5879396984924623,0.7973684210526316,0.0,0.0,0.0,0.0,1.0,0.0,0.0,0.0,0.0,0.0,0.0,0.0,0.0,1.0,0.0,1.0
80,0.558,0.924,-4.341,0.064,0.0271,3.32e-06,0.537,0.567,0.566148670423908,0.4491114701130856,0.4623115577889447,0.5421052631578946,0.0,0.0,0.0,0.0,0.0,0.0,0.0,0.0,0.0,1.0,0.0,0.0,0.0,1.0,0.0,1.0
81,0.552,0.915,-3.713,0.0559,0.0013,3.74e-05,0.206,0.606,0.07898853176755416,0.6090468497576738,0.4522613065326634,0.6157894736842106,1.0,0.0,0.0,0.0,1.0,0.0,0.0,0.0,0.0,0.0,0.0,0.0,0.0,1.0,0.0,1.0
82,0.631,0.891,-4.202,0.0998,0.00368,0.00124,0.157,0.677,0.3143820595656377,0.6575121163166397,0.6733668341708543,0.7894736842105262,1.0,1.0,0.0,0.0,0.0,0.0,0.0,0.0,0.0,0.0,0.0,0.0,0.0,1.0,0.0,1.0
83,0.508,0.907,-3.443,0.0565,0.0423,6.83e-05,0.221,0.587,0.19676782921058633,0.5573505654281099,0.48743718592964824,0.7973684210526316,0.0,0.0,0.0,0.0,0.0,0.0,1.0,0.0,0.0,0.0,0.0,0.0,0.0,1.0,0.0,1.0
84,0.511,0.95,-3.833,0.184,0.0612,0.0,0.203,0.539,0.5657792345603321,0.5088852988691438,0.8442211055276382,0.6552631578947369,0.0,0.0,0.0,0.0,1.0,0.0,0.0,0.0,0.0,0.0,0.0,0.0,0.0,1.0,0.0,1.0
85,0.556,0.851,-2.981,0.0443,4.46e-05,1.97e-05,0.211,0.271,0.27498604790089687,0.3117932148626818,0.4824120603015075,0.65,0.0,0.0,0.0,0.0,0.0,0.0,1.0,0.0,0.0,0.0,0.0,0.0,0.0,1.0,0.0,1.0
86,0.571,0.926,-3.576,0.0479,0.000217,0.00376,0.0522,0.576,0.42397874564733806,0.3311793214862682,0.42713567839195987,0.7184210526315788,0.0,0.0,0.0,0.0,0.0,0.0,0.0,0.0,1.0,0.0,0.0,0.0,0.0,1.0,0.0,1.0
87,0.599,0.853,-3.878,0.0365,0.00123,0.000504,0.37,0.676,0.11816445398165398,0.13408723747980617,0.20100502512562815,0.6210526315789474,0.0,0.0,0.0,0.0,0.0,0.0,0.0,0.0,0.0,0.0,0.0,1.0,0.0,1.0,0.0,1.0
88,0.474,0.853,-3.775,0.12,0.000172,0.00121,0.109,0.559,0.7083107348629549,0.8222940226171245,1.0,0.7842105263157896,1.0,0.0,0.0,0.0,0.0,0.0,0.0,0.0,1.0,0.0,0.0,0.0,0.0,1.0,0.0,1.0
89,0.557,0.777,-6.286,0.0636,0.0756,4.29e-05,0.1,0.449,0.5109533803381516,0.7027463651050081,0.5125628140703518,0.9552631578947367,1.0,0.0,0.0,0.0,0.0,0.0,0.0,0.0,0.0,1.0,0.0,0.0,0.0,1.0,0.0,1.0
90,0.484,0.938,-3.123,0.112,0.0706,0.0,0.236,0.444,0.6687968181353707,0.5008077544426495,0.6482412060301508,0.6289473684210526,1.0,0.0,0.0,1.0,0.0,0.0,0.0,0.0,0.0,0.0,0.0,0.0,0.0,1.0,0.0,1.0
91,0.492,0.932,-2.401,0.203,0.00711,0.0,0.177,0.635,0.5596717523050441,0.3747980613893377,0.42211055276381915,0.5842105263157895,1.0,0.0,0.0,1.0,0.0,0.0,0.0,0.0,0.0,0.0,0.0,0.0,0.0,1.0,0.0,1.0
92,0.393,0.858,-2.868,0.0729,0.00359,0.0,0.102,0.56,0.7552055085245359,0.4232633279483038,0.5025125628140704,0.7263157894736841,0.0,0.0,0.0,0.0,1.0,0.0,0.0,0.0,0.0,0.0,0.0,0.0,0.0,1.0,0.0,1.0
93,0.615,0.763,-4.189,0.0322,0.000246,0.141,0.298,0.333,0.2831843799372745,0.4588045234248789,0.6633165829145728,0.8684210526315789,1.0,0.0,0.0,0.0,0.0,0.0,1.0,0.0,0.0,0.0,0.0,0.0,0.0,1.0,0.0,1.0
94,0.623,0.962,-2.616,0.0895,0.103,0.000174,0.264,0.676,0.5502157662650033,0.4297253634894992,0.3467336683417085,0.6526315789473683,0.0,0.0,0.0,0.0,1.0,0.0,0.0,0.0,0.0,0.0,0.0,0.0,0.0,1.0,0.0,1.0
95,0.548,0.889,-4.52,0.128,0.00784,0.00866,0.341,0.365,0.5979908977291484,0.4798061389337642,0.42713567839195987,0.5105263157894737,0.0,0.0,0.0,0.0,1.0,0.0,0.0,0.0,0.0,0.0,0.0,0.0,0.0,1.0,0.0,1.0
96,0.536,0.974,-2.833,0.0969,0.0065,0.00102,0.357,0.481,0.44043829242027654,0.4733441033925687,0.5226130653266332,0.7184210526315788,1.0,0.0,0.0,1.0,0.0,0.0,0.0,0.0,0.0,0.0,0.0,0.0,0.0,1.0,0.0,1.0
97,0.481,0.974,-3.388,0.136,0.139,0.00998,0.406,0.516,0.0,0.765751211631664,0.5728643216080402,0.7078947368421052,0.0,0.0,0.0,0.0,1.0,0.0,0.0,0.0,0.0,0.0,0.0,0.0,0.0,1.0,0.0,1.0
98,0.66,0.944,-3.692,0.0522,0.00607,0.27,0.823,0.684,0.3698760424772639,0.4119547657512117,0.321608040201005,0.6157894736842106,1.0,0.0,0.0,1.0,0.0,0.0,0.0,0.0,0.0,0.0,0.0,0.0,0.0,1.0,0.0,1.0
99,0.616,0.868,-3.606,0.0699,0.00131,1.54e-06,0.671,0.475,0.22049818819220102,0.2633279483037157,0.33668341708542715,0.5552631578947369,1.0,0.0,0.0,1.0,0.0,0.0,0.0,0.0,0.0,0.0,0.0,0.0,0.0,1.0,0.0,1.0
100,0.451,0.939,-2.546,0.116,0.00219,0.00223,0.366,0.192,0.0010532852280676908,0.4119547657512117,0.4170854271356784,0.6894736842105262,0.0,0.0,0.0,1.0,0.0,0.0,0.0,0.0,0.0,0.0,0.0,0.0,0.0,1.0,0.0,1.0
101,0.461,0.869,-4.672,0.0731,0.000616,8.19e-06,0.25,0.649,0.5184285613224233,0.4410339256865913,0.39698492462311563,0.4736842105263158,0.0,0.0,1.0,0.0,0.0,0.0,0.0,0.0,0.0,0.0,0.0,0.0,0.0,1.0,0.0,1.0
102,0.579,0.872,-5.294,0.0443,0.00594,0.0,0.192,0.557,0.2757327799655718,0.741518578352181,0.5477386934673367,0.7342105263157893,1.0,0.0,0.0,0.0,0.0,0.0,0.0,0.0,1.0,0.0,0.0,0.0,0.0,1.0,0.0,1.0
103,0.582,0.925,-4.366,0.0523,0.00699,2.9e-06,0.108,0.788,0.12594618812931824,0.5331179321486269,0.42713567839195987,0.6473684210526315,0.0,0.0,0.0,0.0,0.0,0.0,1.0,0.0,0.0,0.0,0.0,0.0,0.0,1.0,0.0,1.0
104,0.492,0.805,-4.372,0.0603,0.0241,0.0,0.107,0.66,0.5665023856124383,0.6688206785137318,0.5326633165829145,0.6763157894736842,1.0,0.0,0.0,0.0,0.0,0.0,1.0,0.0,0.0,0.0,0.0,0.0,0.0,1.0,0.0,1.0
105,0.37,0.901,-3.393,0.05,0.0014,0.0,0.25,0.401,0.6919533724778142,0.38126009693053314,0.33668341708542715,0.6526315789473683,0.0,0.0,0.0,0.0,0.0,0.0,1.0,0.0,0.0,0.0,0.0,0.0,0.0,1.0,0.0,1.0
106,0.398,0.586,-4.975,0.0344,0.0166,0.0,0.334,0.214,0.755213368862059,0.4054927302100162,0.36180904522613067,0.713157894736842,0.0,0.0,0.0,0.0,0.0,0.0,1.0,0.0,0.0,0.0,0.0,0.0,1.0,0.0,0.0,1.0
107,0.31,0.905,-4.109,0.253,0.000927,3.1e-05,0.431,0.309,0.847595915768623,0.5476575121163166,0.321608040201005,0.5684210526315789,1.0,1.0,0.0,0.0,0.0,0.0,0.0,0.0,0.0,0.0,0.0,0.0,0.0,1.0,0.0,1.0
108,0.585,0.731,-5.186,0.0376,0.00163,0.0,0.0462,0.804,0.42459185197412364,0.5476575121163166,0.7638190954773869,0.6210526315789474,1.0,0.0,0.0,0.0,0.0,0.0,0.0,0.0,0.0,0.0,0.0,1.0,0.0,1.0,0.0,1.0
109,0.645,0.832,-5.131,0.0571,0.111,0.000514,0.121,0.272,0.22037242279183467,0.2520193861066236,0.40703517587939697,0.7052631578947368,1.0,0.0,0.0,0.0,0.0,0.0,0.0,0.0,0.0,0.0,0.0,1.0,0.0,1.0,0.0,1.0
110,0.443,0.755,-4.818,0.0357,0.0134,0.0,0.0903,0.383,0.4707398935710301,0.568659127625202,0.48743718592964824,0.8789473684210526,0.0,0.0,0.0,0.0,0.0,0.0,0.0,0.0,0.0,1.0,0.0,0.0,0.0,1.0,0.0,1.0
111,0.494,0.915,-3.623,0.0484,0.000353,0.0491,0.352,0.522,0.1581185496105203,0.2794830371567044,0.3065326633165829,0.5710526315789474,1.0,0.0,0.0,0.0,0.0,0.0,0.0,0.0,0.0,1.0,0.0,0.0,0.0,1.0,0.0,1.0
112,0.535,0.925,-3.012,0.239,0.0032,0.000359,0.0316,0.949,0.7069351757964488,0.6607431340872375,0.5879396984924623,0.46842105263157896,1.0,0.0,0.0,0.0,0.0,0.0,0.0,1.0,0.0,0.0,0.0,0.0,0.0,1.0,0.0,1.0
113,0.743,0.85,-3.568,0.0399,0.156,0.0,0.163,0.942,0.3927181833187916,0.6946688206785138,0.6030150753768845,0.7473684210526316,0.0,0.0,0.0,0.0,0.0,1.0,0.0,0.0,0.0,0.0,0.0,0.0,0.0,1.0,0.0,1.0
114,0.526,0.962,-3.707,0.0726,0.00591,1.52e-05,0.591,0.545,0.4477169649664756,0.3327948303715671,0.44723618090452266,0.6947368421052631,0.0,0.0,0.0,1.0,0.0,0.0,0.0,0.0,0.0,0.0,0.0,0.0,0.0,1.0,0.0,0.0
115,0.461,0.964,-3.597,0.255,0.000977,0.0,0.087,0.363,0.628654074405955,0.544426494345719,0.4120603015075377,0.6710526315789473,1.0,0.0,0.0,0.0,0.0,0.0,0.0,1.0,0.0,0.0,0.0,0.0,0.0,1.0,0.0,0.0
116,0.668,0.522,-7.42,0.0311,0.696,0.0,0.609,0.717,0.22019163502880823,0.3150242326332795,0.4170854271356784,0.6921052631578948,1.0,0.0,0.0,0.0,1.0,0.0,0.0,0.0,0.0,0.0,0.0,0.0,0.0,1.0,0.0,0.0
117,0.54,0.964,-4.075,0.126,0.0316,0.000112,0.389,0.586,0.5505694814535338,0.46203554119547663,0.4824120603015075,0.7078947368421052,1.0,0.0,0.0,0.0,0.0,0.0,0.0,0.0,0.0,1.0,0.0,0.0,0.0,1.0,0.0,1.0
118,0.566,0.949,-2.285,0.0536,0.00959,1.1e-05,0.313,0.658,0.48767106059534204,0.30210016155088854,0.3517587939698492,0.6921052631578948,1.0,0.0,0.0,0.0,0.0,1.0,0.0,0.0,0.0,0.0,0.0,0.0,0.0,1.0,0.0,1.0
119,0.474,0.895,-3.84,0.0564,0.0134,0.0,0.239,0.255,0.3139733220144474,0.39095315024232635,0.3266331658291457,0.6263157894736843,1.0,1.0,0.0,0.0,0.0,0.0,0.0,0.0,0.0,0.0,0.0,0.0,0.0,1.0,0.0,1.0
120,0.47,0.731,-6.151,0.14,0.0232,1.58e-05,0.0556,0.383,0.6213754018597557,0.47495961227786754,0.3316582914572864,0.713157894736842,0.0,0.0,0.0,0.0,0.0,1.0,0.0,0.0,0.0,0.0,0.0,0.0,0.0,1.0,0.0,1.0
121,0.585,0.906,-3.044,0.228,0.0268,0.0,0.0482,0.209,0.3781451175513477,0.4054927302100162,0.19597989949748743,0.7921052631578945,0.0,0.0,0.0,0.0,1.0,0.0,0.0,0.0,0.0,0.0,0.0,0.0,0.0,1.0,0.0,1.0
122,0.446,0.716,-7.535,0.0574,0.000673,0.000817,0.156,0.444,0.14732630619158782,0.1324717285945073,0.20100502512562815,0.1421052631578948,0.0,0.0,0.0,0.0,0.0,0.0,0.0,0.0,0.0,0.0,0.0,1.0,1.0,0.0,0.0,1.0
123,0.141,0.948,-4.049,0.0743,0.001,0.131,0.38,0.521,0.9362998247144732,0.0,0.0,0.0,0.0,0.0,0.0,0.0,0.0,0.0,0.0,0.0,0.0,0.0,0.0,1.0,0.0,0.0,1.0,1.0
124,0.376,0.904,-4.604,0.0507,0.023,0.00304,0.855,0.826,0.6744248198017622,0.2116316639741519,0.2613065326633166,0.09736842105263155,1.0,0.0,0.0,0.0,0.0,0.0,1.0,0.0,0.0,0.0,0.0,0.0,0.0,1.0,0.0,1.0
125,0.233,0.942,-5.299,0.189,8.57e-05,0.182,0.587,0.597,0.8494745364365945,0.07592891760904684,0.17587939698492464,0.08947368421052632,0.0,0.0,0.0,0.0,0.0,0.0,1.0,0.0,0.0,0.0,0.0,0.0,0.0,1.0,0.0,1.0
126,0.314,0.919,-2.728,0.0445,0.00726,0.646,0.188,0.443,0.39780382169610373,0.1324717285945073,0.17587939698492464,0.1842105263157895,1.0,0.0,0.0,1.0,0.0,0.0,0.0,0.0,0.0,0.0,0.0,0.0,0.0,1.0,0.0,1.0
127,0.383,0.905,-6.193,0.052,0.00491,0.535,0.922,0.279,0.13559868260743124,0.09046849757673668,0.16582914572864318,0.21052631578947373,1.0,1.0,0.0,0.0,0.0,0.0,0.0,0.0,0.0,0.0,0.0,0.0,0.0,1.0,0.0,1.0
128,0.561,0.93,-3.054,0.044,0.0558,0.147,0.355,0.308,0.166167535233963,0.09369951534733441,0.08040201005025124,0.15526315789473683,1.0,0.0,0.0,0.0,0.0,0.0,0.0,0.0,0.0,1.0,0.0,0.0,0.0,1.0,0.0,1.0
129,0.491,0.836,-6.184,0.046,0.00176,0.197,0.259,0.606,0.14734988720415654,0.21809369951534735,0.3869346733668342,0.4342105263157895,1.0,1.0,0.0,0.0,0.0,0.0,0.0,0.0,0.0,0.0,0.0,0.0,0.0,1.0,0.0,1.0
130,0.374,0.921,-4.635,0.193,0.00214,4.71e-06,0.0607,0.498,0.8099606197090103,0.2423263327948304,0.19597989949748743,0.5710526315789474,1.0,0.0,0.0,1.0,0.0,0.0,0.0,0.0,0.0,0.0,0.0,0.0,0.0,1.0,0.0,0.0
131,0.597,0.909,-4.785,0.0585,0.0126,5.01e-05,0.125,0.682,0.3066867891307252,0.4911147011308563,0.36180904522613067,0.876315789473684,0.0,0.0,1.0,0.0,0.0,0.0,0.0,0.0,0.0,0.0,0.0,0.0,0.0,1.0,0.0,1.0
132,0.221,0.95,-4.336,0.118,0.00137,0.00207,0.216,0.554,1.0,0.28594507269789987,0.3417085427135679,0.5973684210526315,1.0,0.0,0.0,1.0,0.0,0.0,0.0,0.0,0.0,0.0,0.0,0.0,0.0,1.0,0.0,1.0
133,0.803,0.396,-7.667,0.0402,0.314,0.0,0.234,0.671,0.31445280260334374,0.3893376413570275,0.6231155778894473,0.6105263157894737,1.0,1.0,0.0,0.0,0.0,0.0,0.0,0.0,0.0,0.0,0.0,0.0,0.0,1.0,0.0,0.0
134,0.64,0.446,-6.546,0.0326,0.731,0.0,0.0996,0.661,0.5828283066474873,0.23424878836833607,0.6834170854271358,0.2973684210526316,1.0,0.0,0.0,0.0,1.0,0.0,0.0,0.0,0.0,0.0,0.0,0.0,0.0,1.0,0.0,0.0
135,0.591,0.935,-4.472,0.116,0.00375,3.1e-06,0.114,0.668,0.21371471690994415,0.21001615508885302,0.3316582914572864,0.26315789473684204,0.0,0.0,1.0,0.0,0.0,0.0,0.0,0.0,0.0,0.0,0.0,0.0,1.0,0.0,0.0,0.0
136,0.763,0.664,-6.947,0.0701,0.0843,0.0,0.434,0.514,0.28334158668773235,0.7431340872374799,0.7738693467336684,0.85,0.0,0.0,0.0,0.0,0.0,0.0,0.0,0.0,0.0,0.0,0.0,1.0,0.0,1.0,0.0,0.0
137,0.587,0.673,-7.756,0.0329,0.0654,0.00154,0.0986,0.329,0.5673120003772962,0.2116316639741519,0.27638190954773867,0.6105263157894737,0.0,0.0,0.0,0.0,0.0,0.0,0.0,0.0,0.0,0.0,0.0,1.0,0.0,1.0,0.0,0.0
138,0.51,0.927,-4.61,0.131,0.00181,2.34e-06,0.0618,0.505,0.09091266378978313,0.2423263327948304,0.19597989949748743,0.5710526315789474,1.0,0.0,0.0,1.0,0.0,0.0,0.0,0.0,0.0,0.0,0.0,0.0,0.0,1.0,0.0,0.0
139,0.534,0.938,-3.073,0.0571,0.00162,0.000168,0.304,0.507,0.5974878361276834,0.38772213247172865,0.44221105527638194,0.5394736842105263,0.0,0.0,0.0,0.0,0.0,1.0,0.0,0.0,0.0,0.0,0.0,0.0,0.0,1.0,0.0,1.0
140,0.51,0.938,-3.711,0.133,0.015,0.0,0.168,0.621,0.5507424088790374,1.0,0.9899497487437185,0.8894736842105263,1.0,0.0,0.0,0.0,0.0,0.0,0.0,0.0,1.0,0.0,0.0,0.0,0.0,1.0,0.0,1.0
